id,target
1250466,0.04068721979856491
1679663,0.9158132195472717
1043314,0.6938533902168273
1866669,0.19415774643421174
1782451,0.4964655339717865
1497647,0.027776235714554787
1657302,0.42940791249275206
1973354,0.40327137112617495
1126697,0.37349372506141665
1874971,0.7906114816665649
1418225,0.020808729529380798
1125234,0.45719746947288514
1758614,0.7309970498085022
1305109,0.19060420691967012
1591089,0.6016959905624389
1325523,0.03063943162560463
1036152,0.2515996277332306
1154773,0.5684595227241516
1251030,0.1085490882396698
1517581,0.42145135402679446
1301913,0.6003978669643402
1408205,0.34364745318889617
1618878,0.4428637146949768
1002397,0.1811680257320404
1469603,0.8219752669334411
1778517,0.10786693394184113
1933553,0.7883498430252075
1652165,0.10648341476917267
1613151,0.2057705342769623
1434995,0.033462502807378766
1631345,0.49611570239067077
1936102,0.017971568554639817
1278199,0.015810211934149266
1657177,0.7558412671089172
1477454,0.03859550654888153
1934164,0.048306329548358916
1318707,0.026573052257299425
1115577,0.2579223424196243
1623979,0.7724132418632508
1616146,0.38243752121925356
1900229,0.292137411236763
1534039,0.5928141474723816
1690296,0.8424611210823059
1629198,0.6156566977500916
1209135,0.1992187738418579
1607112,0.1683861345052719
1448631,0.4157226741313934
1638187,0.47198968529701235
1096700,0.8960645437240601
1902175,0.2899258553981781
1804997,0.21928648352622987
1954222,0.2715469032526016
1431005,0.10478024184703827
1795648,0.018015468120574953
1768786,0.27665641605854036
1578811,0.26462397873401644
1080639,0.017154522985219956
1265623,0.5815044522285462
1314437,0.03239693231880665
1494361,0.030612381175160408
1988903,0.005366600910201668
1817935,0.22529477179050444
1285489,0.32484206557273865
1618196,0.25715239346027374
1146605,0.027251425385475158
1038741,0.4863226354122162
1873047,0.028877786174416543
1662723,0.5145015180110931
1487565,0.9103550314903259
1199742,0.7975746750831604
1346889,0.4592354238033295
1050656,0.7188813090324402
1713816,0.9531047701835632
1310187,0.9403923273086547
1103186,0.023578912019729614
1895775,0.6030413866043091
1998067,0.912200665473938
1714789,0.22135140895843505
1608153,0.5565755367279053
1219301,0.617802095413208
1685341,0.013097337819635868
1150680,0.6259231328964233
1726705,0.05858393460512161
1878798,0.03368463665246964
1538733,0.19486912488937377
1833243,0.27010463178157806
1075974,0.6313145279884338
1011845,0.07640174776315689
1259611,0.7846316814422607
1841975,0.29889999628067015
1619824,0.0927587017416954
1231819,0.5825025200843811
1543523,0.09385237991809844
1787728,0.24267792701721191
1607635,0.02920263409614563
1605651,0.4335128664970398
1829377,0.7794328570365906
1146218,0.39932661056518554
1874843,0.31665065288543703
1634152,0.7898335814476013
1290972,0.3569920420646667
1278004,0.4844134271144867
1587979,0.06339153125882149
1848743,0.8088222742080688
1748233,0.09349088966846467
1605144,0.6249613046646119
1089054,0.007618394307792186
1048219,0.3200081348419189
1625855,0.14074674397706985
1804543,0.09892328381538391
1458992,0.49873265624046326
1468157,0.43546647429466245
1916875,0.3904514372348785
1550633,0.5997400283813477
1507202,0.48702330589294435
1418012,0.014469603076577187
1227847,0.3522892355918884
1951735,0.02428150698542595
1222184,0.17106986343860625
1449008,0.015403552167117595
1712874,0.03225584179162979
1874810,0.273984095454216
1055523,0.5090341210365296
1683961,0.04401027262210846
1682590,0.44283915162086485
1520158,0.6741462111473083
1523822,0.0463765449821949
1014867,0.3726875424385071
1640725,0.40142388343811036
1235603,0.12917418628931046
1240837,0.6178685545921325
1225627,0.8437446355819702
1254948,0.023825856670737267
1567400,0.5853641271591187
1918757,0.8868246078491211
1652150,0.20047213435173034
1051658,0.05095142424106598
1487372,0.04140799418091774
1964409,0.23142849206924437
1433470,0.6214214086532592
1863151,0.4328898251056671
1656545,0.0350019458681345
1918506,0.6451194167137146
1191626,0.35911916196346283
1193313,0.1259995549917221
1248040,0.2240106552839279
1943110,0.040943410247564316
1280362,0.02843189351260662
1212626,0.7163040161132812
1928621,0.8717374086380005
1722964,0.9406129121780396
1029106,0.13749342560768127
1989245,0.032939809188246724
1360938,0.025745172426104544
1512805,0.6874068975448608
1511642,0.4688745975494385
1510961,0.05165625438094139
1240777,0.32157095074653624
1046577,0.25278293192386625
1673692,0.9873911738395691
1740343,0.3031978189945221
1993894,0.2676614075899124
1817602,0.2812015563249588
1655469,0.06295700669288636
1117870,0.4685865044593811
1448954,0.015102756768465042
1306073,0.8714553475379944
1917375,0.08010777160525322
1436255,0.39199839234352113
1183334,0.22487578690052032
1107762,0.36987311840057374
1111845,0.09514442235231399
1255893,0.8094601511955262
1255487,0.2730701595544815
1341329,0.18894641548395158
1833691,0.01465566996484995
1339516,0.25811888873577116
1724904,0.029526999592781066
1472148,0.039061368256807324
1456868,0.5319654703140259
1136261,0.33808875977993014
1572480,0.2640411853790283
1492612,0.03962843865156174
1128806,0.6951051235198975
1784239,0.02197622712701559
1688801,0.030827008932828904
1496379,0.22251697182655333
1320651,0.6845849633216858
1091531,0.7762159466743469
1761213,0.6277602791786194
1717823,0.14620802402496338
1224223,0.8061893701553344
1110035,0.06934046521782875
1803198,0.5235014438629151
1767627,0.13200966715812684
1991976,0.29379396736621854
1026523,0.32358593940734864
1785253,0.8109025239944458
1945067,0.7931112289428711
1349254,0.07094355747103691
1009858,0.517923241853714
1247769,0.09494686871767044
1441970,0.6033746719360351
1233552,0.022238480672240258
1502101,0.9357722282409668
1236266,0.11152325719594955
1144592,0.027462923154234885
1646344,0.8163430333137512
1150305,0.07947691008448601
1662667,0.15853177309036254
1450610,0.7840538740158081
1441116,0.6625149846076965
1222841,0.4457758069038391
1382709,0.11772691309452057
1758330,0.36235206127166747
1693392,0.6083355247974396
1477983,0.31078864336013795
1185929,0.550079607963562
1691831,0.06457478553056717
1435543,0.09843532741069794
1297189,0.3824459433555603
1726605,0.03995419330894947
1735675,0.06992196887731553
1983654,0.22512562572956085
1632891,0.7426198363304138
1072231,0.4676406025886536
1314515,0.23241847157478332
1819143,0.1482427790760994
1703408,0.03865106739103794
1529161,0.8434421062469483
1655008,0.7937941312789917
1039304,0.870460045337677
1841076,0.26707721650600436
1641453,0.22100390493869781
1681149,0.19071860313415528
1948306,0.12008542269468307
1676292,0.5123648285865784
1369136,0.7288488507270813
1342465,0.8759703516960144
1088968,0.6699787855148316
1989163,0.18627734184265138
1808262,0.574575024843216
1460503,0.27930194437503814
1797134,0.349475160241127
1178383,0.25445290505886076
1300836,0.8451807260513305
1296546,0.8733975291252136
1542123,0.036104916408658025
1834548,0.7565176725387573
1763745,0.46593109965324403
1780615,0.3535967588424683
1847067,0.3450418710708618
1205492,0.38668622374534606
1029054,0.4424527704715729
1462763,0.06612442210316657
1963434,0.456593906879425
1678265,0.021677769720554352
1427515,0.11100593507289887
1625311,0.6149341523647308
1158526,0.7832502484321594
1420493,0.48497087955474855
1224440,0.10205910503864288
1706746,0.9003835439682006
1655641,0.0375280749052763
1115753,0.047569910436868666
1873435,0.1876993089914322
1695931,0.2440343290567398
1423672,0.4361644506454468
1573016,0.5350332021713257
1687264,0.0873922660946846
1958656,0.7318958044052124
1090037,0.018788331560790537
1216583,0.4398675560951233
1121235,0.031096331775188446
1373100,0.032102284207940104
1964317,0.7681416273117065
1580716,0.018598459661006927
1204628,0.7048156261444092
1961186,0.6033083319664001
1021318,0.8909513235092164
1659670,0.05537934005260468
1301591,0.08994590342044831
1995115,0.5706321716308593
1508379,0.6041811823844909
1749851,0.6031325817108154
1454675,0.48448843955993653
1963658,0.503711748123169
1938751,0.38452977538108823
1170249,0.7161689400672913
1093955,0.8347830295562744
1219322,0.7210291266441345
1386738,0.6100513398647308
1122711,0.38416615724563596
1932926,0.06130030527710915
1362438,0.46371293663978574
1482376,0.1332804724574089
1805463,0.138335482776165
1111461,0.851336932182312
1228858,0.05034216344356537
1187144,0.007258555293083191
1993211,0.4678425431251526
1340172,0.8484478235244751
1106220,0.9370882987976075
1903763,0.9139293551445007
1230361,0.31926982998847964
1821449,0.942442262172699
1210097,0.01751156263053417
1288792,0.10036069750785828
1946225,0.24023693799972534
1748439,0.511368203163147
1632988,0.07042232304811477
1097039,0.26559234857559205
1057425,0.1511691391468048
1558135,0.01583876647055149
1750414,0.5201274752616882
1640643,0.43538529276847837
1208816,0.4941511034965515
1126856,0.13747916221618653
1776107,0.029366806894540787
1167453,0.49679925441741946
1888257,0.02975483350455761
1766098,0.16813557744026184
1807946,0.8059894442558289
1594347,0.46194342970848085
1009468,0.7884521961212159
1083117,0.9261990070343018
1897949,0.008293705340474845
1088914,0.5748082041740418
1181690,0.14993679523468018
1802202,0.238225319981575
1349732,0.06204037889838219
1197046,0.3186657190322876
1221363,0.049884026497602464
1432455,0.3533634662628174
1791713,0.6726962804794312
1614134,0.15100549906492233
1589934,0.7056040644645691
1102882,0.11891569346189498
1552004,0.47579479217529297
1552014,0.504436981678009
1199752,0.05791768580675125
1857901,0.03090423233807087
1100451,0.904791283607483
1010893,0.1714017152786255
1674447,0.0617496557533741
1829029,0.6663784980773926
1562818,0.26182990372180937
1192721,0.4101386427879333
1426292,0.5349905669689179
1325804,0.9286935210227967
1794053,0.4979322969913483
1778456,0.2959496736526489
1096316,0.6382023930549622
1940218,0.23052563667297363
1269439,0.8687685012817383
1768975,0.776748788356781
1696983,0.34853809475898745
1465373,0.8018640756607056
1465305,0.49542648196220396
1964291,0.9220736980438232
1172643,0.020707865804433824
1366481,0.8243379116058349
1469728,0.04437294080853462
1527173,0.5912820339202881
1112077,0.08534396961331367
1663539,0.6336864948272705
1880906,0.2902038425207138
1880481,0.5055076003074646
1506641,0.902503490447998
1651921,0.04812778234481811
1051448,0.20348798632621765
1813648,0.3051101565361023
1484404,0.6928301453590393
1748090,0.5265544652938843
1920231,0.5101896703243256
1193050,0.019260688871145248
1913918,0.5675512671470642
1197938,0.3898760318756104
1022029,0.9453438878059387
1013785,0.4358556032180786
1097679,0.3134104162454605
1125424,0.0440194733440876
1276780,0.01429821103811264
1582418,0.8033750772476196
1099687,0.37763664722442625
1751652,0.5388852059841156
1720391,0.4636998176574707
1904160,0.7753796339035034
1720273,0.8884396433830262
1713147,0.9012532114982605
1597491,0.38781904578208926
1979692,0.9518624901771545
1337836,0.02614019811153412
1971796,0.01863432936370373
1732035,0.49813934564590456
1866200,0.37378259301185607
1991581,0.7304598450660705
1994482,0.17620049118995668
1916067,0.5057074308395386
1917334,0.018111634813249112
1826474,0.007688684761524201
1805803,0.02661987878382206
1805206,0.7284592747688293
1804364,0.030791376531124116
1331011,0.6892707824707032
1357548,0.5203662753105164
1206718,0.6260517001152038
1608861,0.7824416995048523
1603537,0.6032346248626709
1605077,0.05105445757508278
1579004,0.7737916707992554
1320195,0.2737331837415695
1749432,0.493542754650116
1041817,0.40770913362503053
1358484,0.08493796810507774
1085028,0.04684264957904816
1213431,0.3339864045381546
1346125,0.9167385101318359
1076537,0.019595078937709332
1063028,0.63852459192276
1635121,0.5777825236320495
1650088,0.8936267375946045
1163521,0.8080694317817688
1650323,0.8668563008308411
1721727,0.2551823526620865
1052232,0.04101706221699715
1736645,0.4969539999961853
1378455,0.8958338856697082
1341947,0.3467315316200256
1189512,0.5110298037528992
1386000,0.37831326127052306
1627009,0.9650791883468628
1271837,0.10967680513858795
1532111,0.1673009514808655
1371647,0.1132860004901886
1505196,0.6579821348190308
1684538,0.04652939885854721
1122455,0.4279479146003723
1499147,0.015242826007306576
1408990,0.4759757280349731
1309784,0.44967342615127565
1286627,0.2976423352956772
1777885,0.4906985580921173
1529814,0.2277893215417862
1317045,0.04235814437270165
1364269,0.16804990023374558
1397317,0.6717336416244507
1374536,0.16844381392002106
1708556,0.6095637917518616
1232236,0.31921636164188383
1225221,0.9093604803085327
1255516,0.18723754584789276
1497322,0.07951934412121772
1675986,0.15435064435005189
1368846,0.8162345886230469
1674598,0.13925849497318268
1671893,0.42618817687034605
1874358,0.28181556463241575
1680069,0.5312946379184723
1968237,0.8899984717369079
1248787,0.06397031843662263
1495431,0.21179074943065643
1264476,0.6352453351020813
1548827,0.29412796795368196
1284832,0.011121584475040436
1516321,0.022805303893983365
1520408,0.27483155727386477
1273892,0.01754937004297972
1851345,0.16007039844989776
1464351,0.31369308233261106
1180653,0.8341917037963867
1341243,0.4646516263484955
1339470,0.3071566939353943
1823637,0.16342293620109558
1172533,0.9511546134948731
1210741,0.7247514486312866
1587975,0.7907718181610107
1943013,0.8866400361061096
1336180,0.018030859157443048
1611077,0.014185282588005065
1162475,0.02527870684862137
1657303,0.13946365118026732
1396252,0.016404788196086883
1424365,0.25049678087234495
1050087,0.041196050494909285
1985310,0.5131797850131988
1434417,0.2706084132194519
1093522,0.789491844177246
1799952,0.965269124507904
1022723,0.10177960842847825
1013413,0.1012913852930069
1382941,0.15299248695373535
1433372,0.8757852792739869
1419573,0.39633363485336304
1889671,0.602357017993927
1038830,0.4829245090484619
1752604,0.006783815938979388
1044785,0.06783531829714776
1388580,0.5258304715156555
1626952,0.1790138304233551
1824329,0.08104192614555358
1587972,0.17707579433918
1217227,0.2656136840581894
1589214,0.300624218583107
1458597,0.2320772171020508
1917377,0.7838086724281311
1039940,0.9721025347709655
1205273,0.7570860624313355
1224820,0.36224700808525084
1606216,0.018784443289041518
1824726,0.4384047627449036
1056776,0.07311039417982101
1467218,0.8716576099395752
1319279,0.9353840231895447
1982945,0.13721709847450256
1340634,0.593650859594345
1329049,0.41412119269371034
1239536,0.023474422842264177
1855143,0.35802958607673646
1526296,0.41299447417259216
1279524,0.706721019744873
1295132,0.8877409219741821
1685634,0.09878381565213204
1121300,0.853840172290802
1098679,0.5002387285232544
1967417,0.8809195160865784
1122027,0.927373218536377
1441828,0.02947758510708809
1690656,0.03060850091278553
1117734,0.5626111805438996
1926205,0.05668184161186218
1656510,0.8328415274620056
1925920,0.020918923243880273
1648804,0.030298666656017305
1766923,0.947311544418335
1765770,0.7953242659568787
1766909,0.6282244801521302
1354419,0.4547111451625824
1786402,0.2283607542514801
1497699,0.2263094425201416
1773575,0.0406964473426342
1855399,0.15898081958293914
1859010,0.14525570571422577
1312947,0.6985905766487122
1270865,0.37045859098434447
1288269,0.48637754321098325
1300558,0.9332023501396179
1031214,0.45990663170814516
1482187,0.01780443713068962
1586374,0.09967256635427475
1887567,0.42984039187431333
1782101,0.5941588878631592
1543974,0.09432865232229233
1292159,0.15188391804695128
1579299,0.6562662720680237
1038109,0.748232614994049
1293461,0.20840627253055571
1006948,0.013274660147726536
1504395,0.18631759881973267
1395225,0.5278194487094879
1010260,0.38022246956825256
1770446,0.3314458131790161
1936262,0.7929292440414428
1530914,0.3176174283027649
1531497,0.3467646181583405
1013035,0.3722214102745056
1307019,0.3426800310611725
1561379,0.018952979519963265
1277187,0.6102555632591248
1011979,0.8188857316970826
1494527,0.5823061108589173
1300718,0.3249243229627609
1527155,0.8424575805664063
1552953,0.9558984637260437
1283142,0.3992575168609619
1841243,0.10091502815485001
1539746,0.817476487159729
1286580,0.06818300262093543
1782835,0.6287255048751831
1252099,0.3405447483062744
1843907,0.3942914128303528
1251557,0.059370745718479154
1510340,0.43171420097351076
1490892,0.5528815686702728
1567623,0.12011180669069291
1800849,0.0262557465583086
1718744,0.5512236475944519
1818996,0.9347199201583862
1151373,0.1281931608915329
1714008,0.9319113373756409
1955639,0.18175614178180693
1640421,0.08854459822177888
1956026,0.10815529972314834
1725608,0.021827275678515435
1382408,0.4120796501636505
1173229,0.9450169205665588
1980430,0.8174916267395019
1347367,0.1407567173242569
1168308,0.16501548141241074
1166312,0.4365601181983948
1376799,0.038292760401964186
1436133,0.2739216864109039
1120262,0.3540871739387512
1704147,0.66487957239151
1369313,0.06348529756069184
1369416,0.7302922964096069
1113733,0.055644833296537397
1101830,0.9325003623962402
1968370,0.3517782509326935
1359136,0.18036138117313386
1138843,0.15155523419380187
1086577,0.05293648540973663
1087034,0.014569034427404403
1375864,0.2358163684606552
1803557,0.3011643052101135
1085004,0.14057492464780807
1445282,0.6834524750709534
1434488,0.6328419923782349
1364724,0.05432375147938728
1709976,0.23023269772529603
1134032,0.3155380040407181
1091255,0.08411629199981689
1131882,0.690364420413971
1706349,0.038128163665533066
1192023,0.08545509725809097
1866496,0.33284685015678406
1188376,0.9205335021018982
1613722,0.069369126111269
1340035,0.45382928252220156
1332660,0.04920332133769989
1832028,0.43762625455856324
1199056,0.09224419444799423
1600859,0.07609120607376099
1743051,0.02140449546277523
1328604,0.5917018175125122
1826526,0.5512386739253998
1944005,0.31159321367740633
1836706,0.12348359823226929
1796041,0.23540929853916168
1736589,0.7032048225402832
1617643,0.7984627604484558
1426120,0.014536509290337563
1361533,0.5682313919067383
1873965,0.058884086459875105
1370303,0.651031494140625
1911811,0.8603104948997498
1297933,0.8116062641143799
1436012,0.9362604975700378
1477499,0.41896429657936096
1908655,0.32418413162231446
1875813,0.4702770054340363
1442381,0.9829394102096558
1405761,0.3860145092010498
1341650,0.09897031337022781
1500512,0.3805511832237244
1466841,0.8070950150489807
1379693,0.8447524070739746
1499807,0.06639810875058175
1892969,0.17131998687982558
1384179,0.8412501692771912
1399353,0.6351799249649048
1431579,0.3527915835380554
1881368,0.1491612657904625
1457214,0.33636378943920137
1494824,0.6317374467849731
1466258,0.5834468841552735
1304102,0.5032736361026764
1472888,0.7960654139518738
1407086,0.9103268146514892
1422141,0.5631278336048127
1444516,0.5874826431274414
1393009,0.25472028851509093
1386216,0.10943175405263901
1433924,0.043082041293382646
1504787,0.7263951778411866
1999996,0.473943030834198
1154114,0.08115302473306656
1677116,0.36270909309387206
1127759,0.020147895626723766
1683833,0.44075214862823486
1135721,0.1626805916428566
1665937,0.0690718024969101
1962623,0.05597635358572006
1671092,0.8047752022743225
1702670,0.8119543790817261
1805318,0.7051907896995544
1975975,0.08864632695913315
1697869,0.09951482564210892
1112854,0.874408507347107
1804430,0.8209052920341492
1953032,0.9681561589241028
1953214,0.02408418208360672
1954522,0.31474080085754397
1175904,0.02882782258093357
1185502,0.8197062969207763
1185413,0.9698915362358094
1951607,0.31738133132457735
1824544,0.3114710807800293
1627034,0.9158894181251526
1920422,0.4161237061023712
1658549,0.08044506907463074
1961146,0.49557530879974365
1166885,0.4954955816268921
1820280,0.9047943472862243
1650249,0.7151515126228333
1158374,0.769963550567627
1756660,0.4701150178909302
1784715,0.7318965435028076
1993285,0.461349231004715
1024831,0.08938289284706116
1041389,0.5677871823310852
1750402,0.5514698624610901
1037215,0.4822525084018707
1755464,0.9132360816001892
1760913,0.029189426079392435
1011272,0.8205899715423584
1763005,0.636625337600708
1765731,0.12365978509187699
1779884,0.3619092762470245
1997880,0.10457405298948289
1789021,0.14057001173496247
1979060,0.90460684299469
1073554,0.8643152117729187
1065798,0.9441204309463501
1090823,0.7732606410980225
1712883,0.7564242362976075
1740841,0.5672190427780152
1985914,0.03741651214659214
1986041,0.5831826090812683
1042422,0.2620363891124725
1061255,0.04216599278151989
1981178,0.11650771647691727
1837034,0.33033888339996337
1582215,0.7045897603034973
1535273,0.1273247241973877
1940326,0.27528607845306396
1927583,0.6232220947742462
1272488,0.21915819644927978
1592336,0.797519302368164
1944316,0.01243249885737896
1587198,0.4637551248073578
1531196,0.8563453435897828
1223757,0.6323403477668762
1564479,0.08708223849534988
1565505,0.031402983143925665
1236338,0.702188229560852
1230631,0.8681046366691589
1572556,0.8347049236297608
1569391,0.8571958303451538
1523155,0.3795798659324646
1191657,0.1976972609758377
1831475,0.4666620194911957
1292286,0.76701979637146
1612620,0.6011065363883972
1950043,0.034901514649391174
1279536,0.08681595325469971
1854863,0.034628726169466974
1199503,0.24872244894504547
1196289,0.19386484622955322
1206427,0.05042405351996422
1401623,0.6944995880126953
1311135,0.2913810580968857
1050447,0.4950684726238251
1401837,0.5514878928661346
1312006,0.2616829305887222
1255599,0.5877345919609069
1886987,0.7742215394973755
1917674,0.5131125271320343
1383619,0.5119451105594635
1059547,0.8898186326026917
1059609,0.7670482277870179
1984147,0.02929255962371826
1030443,0.9184576034545898
1996054,0.3298902869224548
1034623,0.08914760798215866
1888040,0.09261312335729599
1020128,0.45416165590286256
1277258,0.5572368979454041
1992030,0.5761456906795501
1302611,0.4148361325263977
1020197,0.17852967083454133
1920237,0.4585580348968506
1891141,0.9208529591560364
1039047,0.955960726737976
1389464,0.04350252598524094
1986955,0.8879021763801574
1153635,0.26334844529628754
1354139,0.9697441577911377
1150968,0.641146469116211
1210962,0.7834792852401733
1208044,0.9614805340766907
1947859,0.8159329056739807
1159490,0.01391465775668621
1206052,0.1600864827632904
1139273,0.8952017664909363
1214112,0.0910520002245903
1910511,0.8776557326316834
1899098,0.9158615469932556
1142659,0.4667116641998291
1337840,0.6544298887252807
1951659,0.0315832618623972
1901752,0.06357881128787994
1184009,0.10891459584236145
1950611,0.06849521473050117
1949880,0.24879132807254792
1165992,0.331430047750473
1200364,0.9300020337104797
1347514,0.6176569819450378
1333124,0.5488608539104461
1343896,0.8070692420005798
1176525,0.4464017450809479
1172824,0.16840775609016417
1132321,0.055607257038354875
1239074,0.16487919688224792
1085039,0.4330901265144348
1240119,0.10355536639690399
1240636,0.8746902942657471
1187791,0.5333083510398865
1976035,0.11235605180263519
1976303,0.48582619428634644
1934705,0.8469064474105835
1249136,0.8267917394638061
1072980,0.6996444225311279
1073975,0.1137090876698494
1377173,0.24000710546970366
1378231,0.21972184777259826
1245121,0.6624559164047241
1120917,0.9100749254226684
1321376,0.4627997875213623
1129301,0.38897969722747805
1128274,0.4548525333404541
1913297,0.4972552418708801
1971430,0.05536775663495064
1370646,0.24690712094306946
1317908,0.7021777033805847
1232019,0.8416799545288086
1114068,0.4987872302532196
1895331,0.014488451369106769
1778331,0.09918168634176254
1819041,0.686584985256195
1445471,0.9652600169181824
1702168,0.8246013045310974
1442767,0.9353644251823425
1595791,0.5141834735870361
1717075,0.016898916475474833
1513539,0.5169158637523651
1604765,0.8828203797340393
1645826,0.8464583635330201
1806295,0.2981326639652252
1515931,0.6023747801780701
1515724,0.02722981385886669
1661155,0.756188941001892
1658331,0.1963576316833496
1431839,0.022967353090643884
1587626,0.545816320180893
1836557,0.38094295263290406
1594100,0.9191333651542664
1594722,0.7052733540534973
1592374,0.4479673743247986
1592955,0.0301172386854887
1780116,0.8718728661537171
1437201,0.03465167433023453
1493493,0.8922282099723816
1631526,0.33977140188217164
1617306,0.3898445129394531
1636812,0.5898365616798401
1497738,0.959302020072937
1471916,0.7119619250297546
1630670,0.5887949109077454
1711538,0.07970617488026618
1749601,0.20957590639591217
1863923,0.011617615073919296
1863945,0.08905647248029709
1489570,0.09987184256315232
1475440,0.6730727910995483
1861496,0.5178480863571167
1866097,0.4669624865055084
1824367,0.41334314942359923
1459033,0.26922771632671355
1858291,0.25024025440216063
1857956,0.016134630888700485
1607421,0.20912604928016662
1644127,0.23066239356994628
1703231,0.5808080911636353
1606261,0.4578055262565613
1606528,0.12735677808523177
1460496,0.4593298137187958
1506654,0.5520727753639221
1828571,0.7354357600212097
1785747,0.6916437387466431
1637419,0.017412079311907292
1756257,0.042004932463169095
1462785,0.1305104449391365
1790698,0.9279478669166565
1745419,0.8252976179122925
1868764,0.47005698680877683
1608827,0.8491139531135559
1609231,0.025210979953408243
1663319,0.18984623849391938
1576806,0.4204978346824646
1772230,0.3248284876346588
1555554,0.20540474355220795
1880968,0.06173272803425789
1421416,0.8953650116920471
1730792,0.42051936984062194
1549190,0.6000635862350464
1696689,0.593391066789627
1545878,0.4456332206726074
1569767,0.7510771512985229
1768818,0.5231582820415497
1569809,0.15762547254562378
1768934,0.021921662613749504
1851694,0.7547213435173035
1573031,0.3591587245464325
1809103,0.07508619874715805
1798094,0.2627628922462463
1415905,0.3287047564983368
1849020,0.43453599214553834
1810516,0.22202354967594146
1553335,0.5504672408103943
1769378,0.23804752230644227
1420349,0.88203204870224
1552546,0.48177464604377745
1728345,0.1966491624712944
1849141,0.8892748594284058
1778868,0.24268924295902253
1677903,0.9062288880348206
1502536,0.8844903469085693
1188897,0.3040183484554291
1949803,0.6787103295326233
1042169,0.15974956154823303
1732896,0.28508431613445284
1189654,0.43142938017845156
1917723,0.10652077794075013
1712107,0.07170183882117272
1724056,0.9100068211555481
1848552,0.038544707000255585
1723695,0.045844317227602
1307395,0.7993449926376343
1847302,0.34665581583976746
1307043,0.10110611021518708
1247765,0.07101055234670639
1232013,0.895954704284668
1231204,0.14321454465389252
1231096,0.9661708831787109
1184726,0.17103616446256636
1319287,0.9392626762390137
1318478,0.6558801889419555
1317775,0.10133741945028304
1796482,0.8583412051200867
1487517,0.3165507256984711
1241663,0.04045944325625896
1237867,0.549819815158844
1726946,0.3954467296600342
1725753,0.6696463465690613
1563352,0.033349505811929706
1565417,0.6938931465148925
1184110,0.8512836456298828
1240185,0.9454164862632751
1319927,0.42368183732032777
1862956,0.9806272864341736
1621192,0.03417999558150768
1914133,0.10108890235424042
1235248,0.8422869443893433
1313977,0.8145323872566224
1859827,0.8650807976722718
1195539,0.02006533946841955
1246745,0.8346871495246887
1084802,0.8233547449111939
1498059,0.9384636282920837
1859039,0.14390453398227693
1860180,0.8899682760238647
1560712,0.5822680473327637
1618773,0.24333904683589935
1796263,0.8500874519348145
1315532,0.6402837634086609
1063982,0.35613360404968264
1243433,0.957521390914917
1616404,0.39041857719421386
1803960,0.6168089866638183
1942420,0.7385392785072327
1541703,0.08095126003026962
1077397,0.9043215870857239
1735441,0.3598011642694473
1211518,0.37640456557273866
1854957,0.26974657773971555
1527309,0.8108128905296326
1578554,0.4520647168159485
1207444,0.8353125095367432
1222773,0.21850902140140532
1270779,0.16045568883419037
1271369,0.14782033562660218
1587677,0.2086206555366516
1793558,0.9469211220741272
1275434,0.9782563209533691
1272840,0.8538829207420349
1073897,0.9014354109764099
1925201,0.05578312128782272
1277467,0.6164144396781921
1590904,0.47322919964790344
1590415,0.46140831112861636
1538560,0.13437127470970153
1740169,0.12094357907772064
1529724,0.0727872408926487
1521694,0.01487529780715704
1521327,0.9858018398284912
1259638,0.6081353068351746
1605314,0.8598062634468079
1225044,0.7018208622932434
1830978,0.1305352881550789
1296130,0.2136925458908081
1229578,0.04362266696989536
1302827,0.05619249194860458
1607211,0.13699422776699066
1510324,0.5081068456172944
1302179,0.08625566810369492
1197963,0.4826949119567871
1225623,0.45594521164894103
1857630,0.10417468696832657
1259449,0.04686401039361954
1857255,0.7532774209976196
1223922,0.7860457301139832
1939955,0.15487886667251588
1261938,0.8068774819374085
1289709,0.9068642616271972
1520358,0.1508106768131256
1742457,0.5007814705371857
1549006,0.19045090079307556
1856302,0.5622636437416076
1518089,0.05576852038502693
1660130,0.9327858090400696
1661120,0.8666291236877441
1434155,0.28292785584926605
1149913,0.17268380224704744
1156181,0.6513635039329528
1371029,0.2646677643060684
1436061,0.2419634997844696
1997769,0.7259981155395507
1998774,0.3599009335041046
1429902,0.02778613120317459
1380313,0.7314796805381775
1109872,0.060319014638662335
1016416,0.038490474596619605
1433534,0.2526856273412704
1698256,0.08905332386493683
1663134,0.11989685744047165
1015024,0.334910175204277
1146703,0.5178753077983856
1959795,0.5420530796051025
1021734,0.9727206945419311
1650230,0.058568865060806274
1958168,0.9498296260833741
1650272,0.3935862183570862
1020220,0.7744111299514771
1897979,0.25575272738933563
1760700,0.016020362824201585
1647705,0.5765343427658081
1871302,0.013404309935867786
1648923,0.7484696865081787
1702437,0.274080416560173
1443697,0.5549489080905914
1958741,0.7040083169937134
1440693,0.38941428661346433
1157242,0.29888434410095216
1749481,0.9313714623451232
1369539,0.39948548674583434
1895655,0.5934082865715027
1359994,0.9031612634658813
1160224,0.49852271676063536
1652464,0.10195561796426773
1441679,0.11011256277561188
1158937,0.25415894091129304
1141990,0.5652942419052124
1814379,0.29522600769996643
1395854,0.4329731583595276
1396734,0.1885295420885086
1999720,0.761333429813385
1125995,0.2354451149702072
1002879,0.9124619126319885
1405990,0.9306305766105651
1120185,0.6002265572547912
1000655,0.28602691888809206
1405997,0.18195876181125642
1966742,0.3300839066505432
1683815,0.5152290225028991
1887315,0.4986235320568085
1967306,0.30449450612068174
1695380,0.7816788673400878
1139451,0.4894191563129425
1138878,0.07833041697740555
1807453,0.40930440425872805
1426966,0.33114846646785734
1012325,0.02548164874315262
1694094,0.5483498871326447
1420536,0.8662214517593384
1890011,0.13503846526145935
1007736,0.9579338192939758
1693328,0.2687425374984741
1968354,0.4457953989505768
1671513,0.908398711681366
1671736,0.09208922237157821
1677050,0.016630351729691028
1671979,0.10473119914531707
1418119,0.394767165184021
1812177,0.8306572079658509
1625717,0.11451685577630996
1706566,0.1364243060350418
1752794,0.19231634289026261
1704668,0.753212821483612
1757003,0.8262518048286438
1640787,0.21774928271770477
1756615,0.5152839839458465
1177536,0.2870773792266846
1868010,0.0090637749992311
1474758,0.027173399552702905
1037204,0.07522434368729591
1166860,0.7135130405426026
1870509,0.17790613025426866
1346173,0.059610428661108016
1458902,0.9018483519554138
1167535,0.04094541594386101
1869094,0.9180519938468933
1344166,0.018305793590843677
1343919,0.5624637246131897
1751961,0.2531079977750778
1708721,0.8948499917984009
1992881,0.1780475467443466
1636620,0.04348118379712105
1804373,0.5701825737953186
1705731,0.10543697625398636
1171379,0.10644905120134354
1030580,0.026300621032714844
1866638,0.41449220180511476
1171667,0.5164066612720489
1755776,0.5050010740756988
1471577,0.03254029117524624
1867766,0.3049390703439713
1786535,0.2398642897605896
1630805,0.2928736567497253
1954920,0.2657664895057678
1754520,0.6685862064361572
1632728,0.386144232749939
1340369,0.33135437965393066
1332028,0.1342719942331314
1637326,0.8329966545104981
1166285,0.020639648847281932
1038258,0.5203333854675293
1750869,0.2991254150867462
1352367,0.16966437846422194
1625515,0.4323679327964783
1237117,0.6730264544486999
1820679,0.11651144772768021
1099270,0.509552675485611
1477890,0.8199934005737305
1099691,0.5248850464820862
1224005,0.6399716377258301
1175495,0.5507776796817779
1685741,0.6619936704635621
1710166,0.9385528564453125
1115402,0.13338173776865006
1809302,0.7872859239578247
1685975,0.4662254810333252
1940610,0.7107934594154358
1096095,0.3019345462322235
1069497,0.6208928346633911
1136519,0.4563299655914307
1574181,0.0650083675980568
1813163,0.07776377201080323
1118080,0.9288654088973999
1182158,0.8108287215232849
1223525,0.7430742621421814
1172243,0.6230046510696411
1224970,0.5916500926017761
1231176,0.2601873457431793
1842089,0.3564000725746155
1568494,0.5796274423599244
1979755,0.2909909963607788
1706337,0.9660596966743469
1180535,0.034139201417565344
1724328,0.8586298823356628
1825045,0.6906303882598877
1681674,0.6460694909095764
1126165,0.7801032662391663
1126802,0.027930957078933717
1094411,0.8956541299819947
1967124,0.9876809000968934
1066346,0.6308080434799195
1673181,0.8518654108047485
1723521,0.0939635083079338
1799371,0.9549915790557861
1065538,0.9587568521499634
1181097,0.2709613382816315
1692273,0.9768627882003784
1823965,0.47012328505516054
1690398,0.03628579005599022
1571385,0.6088114440441131
1595086,0.43662563562393186
1595716,0.5931517779827118
1197061,0.08069964349269867
1605511,0.42906470894813536
1652508,0.535923159122467
1959162,0.027681199088692664
1800816,0.2579652965068817
1608249,0.8503770470619202
1167705,0.3689367353916168
1194436,0.8659338831901551
1105378,0.516062605381012
1194820,0.6175711750984192
1195435,0.5224768936634063
1655602,0.5688173234462738
1947337,0.8988473415374756
1701653,0.29293989539146426
1597290,0.026247328519821166
1713554,0.7821309804916382
1161146,0.31675792038440703
1647357,0.45851150155067444
1162033,0.9397302269935608
1083593,0.3545387327671051
1958103,0.812781572341919
1957805,0.32857856154441833
1201663,0.5872292041778564
1201359,0.6381076455116272
1947981,0.3942871570587158
1651279,0.2582365483045578
1205759,0.9393392562866211
1100749,0.9258818984031677
1164399,0.3700166642665863
1642890,0.0846872091293335
1099489,0.5142849922180176
1815600,0.8284316778182983
1582772,0.932671308517456
1943261,0.2965210318565369
1698068,0.17999788224697114
1800318,0.36231131851673126
1943344,0.8384300112724304
1142300,0.14906915426254272
1220634,0.8871339797973633
1112562,0.6327731132507324
1615101,0.8453403115272522
1963408,0.41780378222465514
1813840,0.8411811590194702
1669439,0.8642065763473511
1635316,0.961687171459198
1072431,0.7561228156089783
1611884,0.27373366951942446
1188254,0.7820671081542969
1814330,0.16247090697288513
1826015,0.5219459891319275
1140791,0.8013476371765137
1614671,0.1707618921995163
1141017,0.11527638137340546
1580757,0.16415193676948547
1962826,0.7048849940299988
1806926,0.833603847026825
1191698,0.7178647637367248
1662044,0.024111714959144593
1590075,0.03476424440741539
1213522,0.04319236502051353
1821489,0.27603246569633483
1192576,0.9427646279335022
1611542,0.434819883108139
1836904,0.7511684536933899
1610748,0.1075073778629303
1705396,0.8411234974861145
1148917,0.7997377991676331
1589052,0.9438082337379455
1109293,0.4257384777069092
1894450,0.8219840049743652
1876928,0.05668966174125671
1043496,0.33024774193763734
1510781,0.045094302669167516
1042567,0.3918456554412842
1440532,0.4663779318332672
1369937,0.11349890381097794
1438529,0.5758675932884216
1857379,0.8481781721115113
1295462,0.8152955293655395
1296421,0.0496298223733902
1513462,0.8120598316192627
1437205,0.6267095088958741
1744701,0.47172669768333436
1297456,0.27272666096687315
1368451,0.09305431023240089
1440558,0.25489429831504823
1307769,0.7759499073028564
1502221,0.4297745704650879
1360745,0.1265076518058777
1309182,0.023962921649217605
1500850,0.6641764879226685
1747253,0.08901468515396119
1443317,0.6407263398170471
1504115,0.8535282969474792
1366505,0.0209061648696661
1443998,0.02820480242371559
1379547,0.4487490177154541
1741848,0.391374272108078
1014125,0.5994528234004974
1287465,0.27047714591026306
1521523,0.1468869626522064
1284795,0.4236117899417877
1892796,0.5055581152439117
1283641,0.10665013790130615
1283684,0.4189238786697388
1768369,0.3246334850788116
1044360,0.2986391484737396
1517630,0.10660962909460067
1877783,0.40681453943252566
1516645,0.4271357297897339
1779926,0.9058982849121093
1765602,0.025033108703792096
1764415,0.5302678048610687
1434922,0.8542816638946533
1374525,0.46086726784706117
1520149,0.6655264377593995
1290412,0.5293145596981048
1879724,0.34653992056846616
1893439,0.022401111014187337
1893642,0.09009705930948257
1377576,0.16033149957656861
1474757,0.5391556680202484
1026030,0.39636447429656985
1460436,0.1085025742650032
1869454,0.35588001012802123
1026204,0.05649916008114815
1754886,0.014372314885258674
1037874,0.9263105392456055
1458070,0.8170220732688904
1326413,0.43446099758148193
1327730,0.050426360219717026
1752010,0.20458259284496308
1345234,0.4528466522693634
1027558,0.023361600004136562
1347906,0.31484639942646026
1902117,0.202289879322052
1474225,0.1953235000371933
1342323,0.13050321638584136
1342050,0.8107579469680786
1336386,0.14869171977043152
1867156,0.8185175657272339
1338008,0.29237920641899107
1335914,0.1981652110815048
1470592,0.9583027482032775
1902953,0.9384096264839172
1755902,0.2696562796831131
1342382,0.06804050132632256
1342659,0.547653192281723
1028247,0.6862457275390625
1030758,0.4120606541633606
1472424,0.8652892470359802
1334497,0.286903640627861
1334683,0.04876270368695259
1447539,0.6244282484054565
1355031,0.9399826645851135
1319185,0.10455288141965866
1913527,0.9723102807998657
1021382,0.6745103061199188
1313510,0.045459434017539026
1748217,0.6790707111358643
1023878,0.08087575063109398
1454662,0.022367114573717116
1478066,0.36131649613380434
1786670,0.8607799887657166
1993710,0.2576561778783798
1322394,0.8803587198257447
1024348,0.3046641170978546
1749215,0.7205661654472351
1994379,0.4559117078781128
1485461,0.9395260214805603
1321693,0.6711990237236023
1452965,0.8781546115875244
1322086,0.26863469183444977
1481601,0.8259692788124084
1394403,0.54528107047081
1266050,0.6628306269645691
1394385,0.5124620258808136
1849566,0.5485141158103943
1267693,0.7151647090911866
1055301,0.9774814128875733
1055841,0.02307306118309498
1412896,0.09830165952444077
1394866,0.05086995586752892
1734563,0.7035497307777405
1929393,0.7770415544509888
1007043,0.7833097815513611
1850236,0.025003474950790406
1772577,0.21558164954185485
1389369,0.9113018155097962
1999455,0.10878530889749527
1417885,0.10105292350053788
1851179,0.3522651731967926
1794059,0.8324493288993835
1928798,0.7850417017936706
1540092,0.6702925801277161
1540453,0.0517583929002285
1888099,0.22411606907844545
1411454,0.9139071702957153
1402119,0.8445443749427796
1885134,0.8807835698127746
1245743,0.543447095155716
1246096,0.3081054210662842
1406506,0.7980560421943664
1847130,0.6915392518043518
1732358,0.6574014663696289
1239205,0.11660740077495575
1562466,0.4528128743171692
1729206,0.5643025636672974
1844538,0.773699164390564
1062424,0.15136971175670624
1253883,0.05495494082570076
1933359,0.297725236415863
1848895,0.5956398129463196
1397883,0.8001359701156616
1058830,0.23013625741004945
1932448,0.2971216231584549
1551369,0.22968428134918212
1933827,0.5822185158729554
1556487,0.5378713726997375
1248789,0.7279014706611633
1733245,0.5295432388782502
1554956,0.5683651447296143
1847945,0.729646098613739
1251939,0.8754829883575439
1536131,0.8138941526412964
1384084,0.3393811106681824
1881329,0.10970413684844971
1418230,0.39587419629096987
1048479,0.45463080406188966
1278255,0.9880894780158996
1275693,0.6203906297683716
1276835,0.09829483926296234
1426289,0.891284441947937
1529236,0.8393189311027527
1528827,0.09192175418138504
1010364,0.33747369050979614
1528517,0.9681193113327027
1010130,0.8269252300262451
1925174,0.10499439239501954
1425430,0.7289662957191467
1532032,0.021318352408707143
1427181,0.7564660549163819
1529579,0.35051149129867554
1769068,0.2053571820259094
1388561,0.6465254724025726
1381749,0.26065764427185056
1381506,0.8961037755012512
1388043,0.8828247666358948
1853728,0.4174808979034424
1530073,0.8826843500137329
1534504,0.9521176815032959
1529956,0.925089955329895
1853297,0.8728134155273437
1384732,0.6363595485687256
1424050,0.11502818316221237
1900769,0.803251588344574
1125658,0.034511856734752655
1758750,0.7835300683975219
1645084,0.048620841652154925
1002712,0.8620032548904419
1433584,0.03368682600557804
1663251,0.268718895316124
1807588,0.1288907930254936
1350539,0.957437264919281
1164325,0.9141997933387757
1002533,0.7561498165130616
1432320,0.9377413630485535
1011374,0.06087014302611351
1009764,0.3021780729293823
1025982,0.7720387816429138
1383082,0.8727094888687134
1640564,0.9355042099952697
1117946,0.2956030637025833
1868705,0.3142300724983215
1638320,0.18701377213001252
1886601,0.7987593650817871
1380991,0.8048477172851562
1777205,0.9525913834571839
1638190,0.6818577885627747
1807192,0.7339843034744262
1641244,0.7697847723960877
1427316,0.6179020285606385
1428977,0.2598795831203461
1097224,0.869540274143219
1886629,0.96920405626297
1704080,0.9893282651901245
1970095,0.7087147831916809
1785039,0.08568022400140762
1398657,0.7871602177619934
1900803,0.2995568931102753
1112202,0.7448251962661743
1969615,0.1274315319955349
1142693,0.7639971494674682
1768236,0.4343832552433014
1343763,0.9831354141235351
1641766,0.011997126881033182
1690644,0.9240170001983643
1892746,0.122902412712574
1003703,0.04764439612627029
1158807,0.9784574389457703
1700623,0.18506574630737305
1390264,0.9082675814628601
1387596,0.2352408856153488
1762773,0.9803832530975342
1416879,0.871413254737854
1874813,0.09423813819885254
1136752,0.10557372123003006
1152059,0.4477061092853546
1442542,0.8271886706352234
1999691,0.12786833792924882
1651914,0.9381080746650696
1416233,0.9076822400093079
1701527,0.5286826968193055
1115471,0.1586839586496353
1657141,0.5328672647476196
1694077,0.6409990906715393
1877492,0.7313377380371093
1154814,0.4485489189624786
1959334,0.13484879285097123
1105787,0.6751208186149598
1889984,0.7853333830833436
1134833,0.6828838467597962
1371483,0.4364906013011932
1646001,0.8230413675308228
1891735,0.35213896036148074
1149955,0.39211809635162354
1883365,0.25333199501037595
1647612,0.481213116645813
1415338,0.9455909371376038
1394733,0.9693015575408935
1415154,0.3739698827266693
1893977,0.12519041895866395
1646086,0.03138286471366882
1433944,0.5547809839248657
1694496,0.7942131400108338
1452395,0.554311215877533
1386806,0.05544598400592804
1994524,0.8287387132644654
1392719,0.16012167930603027
1373230,0.7763182044029235
1806874,0.3677978217601776
1760794,0.11016425043344498
1160364,0.9418021321296692
1108056,0.4696082353591919
1961010,0.0196804853156209
1161080,0.29943178296089173
1446926,0.7638697624206543
1115262,0.24060666859149932
1698514,0.03230203203856945
1898532,0.10907986164093017
1760086,0.9616113066673279
1658531,0.5954277157783509
1798125,0.6242133140563965
1855442,0.9373814582824707
1205188,0.08517870903015137
1204510,0.5065318405628204
1742439,0.8713252663612365
1079208,0.8832613348960876
1840330,0.12664553970098497
1519090,0.051045512035489085
1715164,0.02745431922376156
1742571,0.9542615532875061
1715462,0.11401279717683792
1840283,0.8462579846382141
1598079,0.9019198179244995
1923077,0.45943269729614256
1855264,0.12893331944942474
1740977,0.29436828196048737
1947561,0.6222354888916015
1046540,0.7849073648452759
1792360,0.9768132209777832
1288230,0.9784862756729126
1981214,0.8164650440216065
1832921,0.6921494126319885
1601250,0.96863272190094
1920402,0.6714808583259583
1299919,0.8146314859390259
1225305,0.6140450239181519
1301871,0.5752040445804596
1043216,0.9640021920204163
1948628,0.6393672704696656
1196112,0.25627880692481997
1524096,0.11162379235029221
1513983,0.10198157876729966
1514504,0.8994268655776978
1744056,0.028570293635129928
1294056,0.2236495405435562
1938948,0.6891249060630799
1515586,0.9836177587509155
1202241,0.6578725099563598
1198972,0.7355079531669617
1067491,0.216740483045578
1295323,0.6955124258995056
1224588,0.05406104698777199
1550348,0.595901894569397
1919410,0.6310586333274841
1947416,0.3469005048274994
1833635,0.10745644718408584
1217293,0.8102180361747742
1532158,0.9547500252723694
1216461,0.5382911443710328
1216359,0.053222844004631044
1216050,0.28981598615646365
1215097,0.5405759692192078
1214762,0.48518731594085696
1214476,0.9043278932571411
1800378,0.9388034462928772
1219290,0.15185626745223998
1533186,0.8110946178436279
1723085,0.9331140756607056
1580425,0.28169523775577543
1736838,0.9729388236999512
1927767,0.09007526859641075
1271403,0.8208810806274414
1538925,0.13020695596933365
1538520,0.663691234588623
1213862,0.9760063886642456
1050360,0.8820024251937866
1942870,0.4117534101009369
1736881,0.03791009858250618
1583027,0.013383749686181546
1584434,0.6361710429191589
1738207,0.0367228802293539
1582609,0.7470390200614929
1276637,0.8677400588989258
1578408,0.09121925756335258
1855228,0.4355963945388794
1525363,0.6976073026657105
1210377,0.10734943002462387
1594677,0.07474836334586143
1740868,0.9115506291389466
1208357,0.036960461735725404
1285307,0.6626342892646789
1839527,0.9697862267494202
1983465,0.22703844606876372
1529445,0.24398452937602996
1268939,0.9211121320724487
1277559,0.06351132616400719
1545034,0.1961216986179352
1590932,0.05015968382358551
1076216,0.060005106031894684
1591012,0.8946411848068238
1592242,0.45775957107543946
1800614,0.725756824016571
1212570,0.6776124000549316
1923318,0.8540842175483704
1525765,0.20757728815078735
1605483,0.5865419626235961
1840514,0.6551594734191895
1245369,0.13054442554712295
1864952,0.013729150034487247
1866091,0.371470707654953
1909566,0.8090746998786926
1626301,0.18329315781593322
1324602,0.08760394603013992
1627107,0.2570544332265854
1089840,0.9704325795173645
1862648,0.07753584310412406
1748922,0.7387753009796143
1195350,0.9338754415512085
1711217,0.7648380756378174
1087231,0.23136275112628937
1234048,0.2611719712615013
1623795,0.32462683916091917
1623985,0.02040523886680603
1863563,0.8201207637786865
1243843,0.028688301891088487
1822774,0.9344339013099671
1955266,0.5912611842155456
1171585,0.834857165813446
1725570,0.6955525279045105
1470385,0.7217004656791687
1705513,0.9070780992507934
1470115,0.03451768346130848
1096076,0.8404713869094849
1628591,0.09183410182595253
1629016,0.742278254032135
1234904,0.7710044860839844
1630000,0.8763980984687805
1330377,0.06880114674568176
1095774,0.5731171488761901
1989787,0.202118444442749
1241816,0.8381561756134033
1843747,0.16387830674648285
1554306,0.8961930513381958
1840596,0.23371419310569763
1918475,0.027329929172992706
1611548,0.27145793437957766
1501768,0.7958166837692261
1083980,0.09392456114292144
1250120,0.11928905695676803
1311384,0.9095058917999268
1571170,0.28582913279533384
1607684,0.13620358407497407
1552067,0.7515905022621154
1607968,0.7737907409667969
1192998,0.71555255651474
1506420,0.7556166887283325
1504886,0.11350251734256744
1745397,0.7837766289710999
1226642,0.7568546891212463
1256753,0.9324232459068298
1553150,0.3503094553947449
1227494,0.08998615220189095
1497572,0.8424968361854553
1796135,0.5431804537773133
1493883,0.1381490260362625
1556266,0.6653447151184082
1917030,0.10837247371673583
1490991,0.1999392330646515
1185426,0.834744644165039
1316761,0.10181160122156144
1788675,0.3374710023403168
1799845,0.03552116379141808
1313028,0.339234858751297
1570110,0.7035488486289978
1615202,0.7864887952804566
1497355,0.3431673288345337
1494875,0.5110022604465485
1950449,0.35051926374435427
1734728,0.8112323760986329
1001129,0.7976059079170227
1775417,0.8318397998809814
1062844,0.5808879256248474
1066659,0.7797144532203675
1999908,0.9465057730674744
1730980,0.9694258332252502
1061146,0.7830035805702209
1000963,0.15611331313848495
1692258,0.8691206216812134
1775712,0.09836543723940849
1777137,0.08680707514286042
1799710,0.47103623747825624
1730522,0.023871225863695146
1799541,0.037263470143079756
1982218,0.4252251088619232
1733194,0.838976788520813
1068767,0.05778089389204979
1116703,0.06859879679977894
1116571,0.26003160774707795
1730691,0.7111185193061829
1773932,0.36215582489967346
1711697,0.8403850555419922
1987068,0.7205240726470947
1084585,0.8879589676856995
1746457,0.8466849088668823
1746328,0.9396865844726563
1994852,0.9712906241416931
1084425,0.5305815517902375
1790475,0.5861458301544189
1762433,0.7602155923843383
1104210,0.477082347869873
1040158,0.6271534085273742
1096684,0.17932581752538682
1705606,0.06494915559887886
1032843,0.6078035712242127
1035179,0.9390532612800598
1035363,0.24730072319507598
1757596,0.3613558143377304
1097545,0.9106613159179687
1085268,0.09176592379808426
1750761,0.026924815401434897
1039007,0.5245176434516907
1039084,0.015472147427499295
1784477,0.024879976734519006
1087398,0.896838390827179
1787850,0.9734487175941468
1976890,0.12984853982925415
1748262,0.9502397179603577
1098306,0.7538504123687744
1717935,0.6736099243164062
1740557,0.08968665152788162
1012519,0.7432667374610901
1048010,0.578587657213211
1740255,0.7326060056686401
1048202,0.10326974540948868
1719116,0.7553014636039734
1968708,0.1299182116985321
1738928,0.9174086928367615
1075247,0.07801689356565475
1075022,0.9594962358474731
1736940,0.07027650699019432
1050111,0.545418131351471
1073833,0.7439302444458008
1012865,0.6237064599990845
1767799,0.7069351673126221
1744852,0.829182243347168
1018193,0.15517862737178803
1105423,0.41669794321060183
1744322,0.7258362770080566
1082596,0.7500585556030274
1744013,0.6568228960037231
1045857,0.8442057251930237
1096227,0.5501368045806885
1108659,0.5229112327098846
1698370,0.6571753621101379
1766741,0.0229586124420166
1698248,0.10016185343265534
1792803,0.7840627789497375
1766214,0.9074745535850525
1615864,0.12178477197885514
1186145,0.8033525586128235
1257715,0.5667301833629608
1550830,0.7150982856750489
1365806,0.06448352113366126
1362013,0.01788132656365633
1184668,0.8804654359817505
1441364,0.27919213473796844
1184486,0.39681869745254517
1315798,0.6601203203201294
1929162,0.5421012461185455
1183920,0.12269400656223298
1367676,0.764080286026001
1914558,0.48552209734916685
1622301,0.6841028571128845
1183877,0.07510296106338502
1912256,0.21760666072368623
1872054,0.6151398122310638
1192841,0.9531344413757324
1322010,0.490961891412735
1481952,0.24809089601039885
1482124,0.02376927398145199
1191527,0.5219704806804657
1610582,0.2657140851020813
1359706,0.5323027193546295
1827879,0.841941773891449
1913357,0.7534834146499634
1613450,0.9633866548538208
1188869,0.9438130497932434
1226503,0.07315193712711335
1171960,0.2820822685956955
1636695,0.20724669396877288
1928206,0.23882327377796173
1893151,0.89448481798172
1269450,0.040271739661693576
1169941,0.5416930913925171
1878410,0.09552430287003517
1169050,0.2701626867055893
1377764,0.020829215459525586
1643728,0.25811605155467987
1310470,0.5876911103725433
1169808,0.11525587290525437
1315111,0.958738911151886
1546086,0.7379448413848877
1952239,0.1176659807562828
1179394,0.7548791170120239
1493168,0.09697767347097397
1628525,0.5487464725971222
1178524,0.80331472158432
1177439,0.703948152065277
1198004,0.9179047703742981
1198072,0.16141535341739655
1474860,0.9734310507774353
1219690,0.7334337949752807
1219583,0.04669530987739563
1582800,0.3442475914955139
1329345,0.31477091908454896
1465194,0.9758986949920654
1465098,0.35584756135940554
1463565,0.13902108520269393
1567603,0.0465762197971344
1343859,0.1450465813279152
1460896,0.18974781781435013
1475401,0.8645715475082397
1866115,0.5209105789661408
1565726,0.17686353921890258
1327481,0.6686907887458802
1584510,0.5891000509262085
1333237,0.36155893802642824
1866153,0.5883011817932129
1226996,0.06883333176374436
1335047,0.30717979967594145
1231700,0.3688409924507141
1470959,0.14295190274715425
1335430,0.9028830170631409
1329692,0.07907699942588806
1569452,0.5972994804382324
1338783,0.9658504962921143
1908443,0.8965489268302917
1221282,0.1063620314002037
1568123,0.9213020086288453
1906091,0.8132822155952454
1564957,0.7888750195503235
1346172,0.05073164477944374
1590092,0.8814867973327637
1202456,0.8007675766944885
1450052,0.03913820758461952
1246969,0.4409447968006134
1899739,0.553416234254837
1448693,0.4816956579685211
1447069,0.9131079196929932
1605117,0.4960904479026794
1446921,0.9260064125061035
1445915,0.023624280467629433
1871608,0.18104878067970276
1602937,0.2601481407880783
1832744,0.8942469000816345
1944074,0.7071995139122009
1212581,0.07308561503887176
1347828,0.8682762026786804
1240760,0.6828200101852417
1900675,0.36348637342453005
1348912,0.5503957033157348
1945633,0.5220916271209717
1947386,0.2654242247343063
1561231,0.4500085115432739
1324419,0.7790036797523499
1455828,0.051983396708965304
1350318,0.9015904426574707
1453709,0.739448857307434
1540060,0.6110476851463318
1391476,0.8538955807685852
1281936,0.15556944757699967
1665303,0.8327775359153747
1667813,0.8880605697631836
1668203,0.33319534957408903
1889467,0.7684671521186829
1669148,0.1046444833278656
1392211,0.05450993478298187
1855229,0.7125761985778809
1300362,0.6749390482902526
1889043,0.21241098642349243
1888698,0.32179621160030364
1523814,0.7839516639709473
1391302,0.8832292199134827
1509691,0.07273290231823921
1142630,0.2758873373270035
1814926,0.09188766852021217
1890655,0.8580100059509277
1278853,0.36356040835380554
1418073,0.5395708799362182
1389284,0.5060880362987519
1918917,0.5273327589035034
1303002,0.2427229642868042
1389663,0.8660956740379333
1396657,0.26927793622016905
1134193,0.14315432757139207
1513270,0.08911821693181991
1682342,0.2265979290008545
1124681,0.1671762302517891
1408462,0.3795081853866577
1122562,0.7642499446868897
1291362,0.02221474442631006
1884954,0.041610914096236226
1405251,0.6995156168937683
1685623,0.943987774848938
1516572,0.8688760161399841
1685763,0.8769034028053284
1119774,0.01928318478167057
1920879,0.5048612475395202
1121787,0.7999287724494935
1679979,0.33207639753818513
1411211,0.7214495539665222
1132942,0.8111824512481689
1674134,0.04969437345862389
1132747,0.1418246954679489
1675518,0.47219430804252627
1130922,0.9589949369430542
1522205,0.9288811564445496
1965888,0.9009330987930297
1676531,0.6516136884689331
1677220,0.6836575746536255
1521158,0.9764572381973267
1409446,0.11699985116720199
1678667,0.10596380680799485
1960656,0.8634203791618347
1278164,0.5518743395805359
1653104,0.749811589717865
1385936,0.35335026383399964
1918735,0.013953278958797454
1164214,0.8594881772994996
1379974,0.4071191608905792
1157411,0.9663878321647644
1156983,0.4329513728618622
1892838,0.0953696608543396
1429657,0.7838643431663513
1880928,0.08588440865278243
1161668,0.33574424386024476
1306783,0.3569226205348969
1533479,0.1457722470164299
1651901,0.06503844261169434
1275040,0.91634681224823
1159569,0.9120251178741455
1918519,0.50214022397995
1165700,0.11627801954746246
1960265,0.6057064056396484
1657532,0.19296890795230864
1303438,0.19913263618946075
1923584,0.9723264575004578
1657709,0.7676409363746644
1506973,0.7266388297080993
1539974,0.021366736106574535
1530809,0.16210970878601075
1531101,0.14296597242355347
1165768,0.35724679827690126
1920742,0.5171247065067291
1494234,0.06354854628443718
1988592,0.11112102419137955
1855972,0.11136577725410461
1744284,0.6317264914512635
1515271,0.7478454947471619
1908573,0.01919782180339098
1747350,0.941911804676056
1517540,0.024188526347279547
1907017,0.9837708353996277
1791648,0.8329586625099182
1329249,0.7111170172691346
1331224,0.9016518950462341
1906484,0.7080001711845398
1473556,0.8604261875152588
1295547,0.7927705883979798
1307789,0.05490623265504837
1476886,0.16869794726371765
1044669,0.0705287829041481
1496926,0.5897624254226684
1753493,0.679583203792572
1311644,0.2783749967813492
1293975,0.2209494650363922
1859463,0.5783780813217163
1753149,0.16899021565914155
1329529,0.38696075081825254
1474355,0.0969058558344841
1309447,0.2752296894788742
1474287,0.8688149690628052
1311336,0.13762258887290954
1329354,0.8279361724853516
1041672,0.3990282893180847
1908560,0.18364658951759338
1311692,0.9465798020362854
1500901,0.811358916759491
1308198,0.7187613129615784
1311784,0.9185195565223694
1293897,0.14573635011911393
1041475,0.5472014605998993
1294833,0.8214974999427795
1044483,0.34923807382583616
1294841,0.11209271848201752
1307853,0.05996762290596962
1498103,0.9544531464576721
1295262,0.10715490877628327
1036943,0.5825636267662049
1859767,0.9452593207359314
1500332,0.7826617956161499
1330749,0.05442070439457893
1041362,0.10147639662027359
1512096,0.43007245659828186
1325396,0.42252212166786196
1040575,0.5136323690414428
1302356,0.610379981994629
1039240,0.3640615940093994
1315972,0.43140179514884947
1744854,0.10122201740741729
1490871,0.9463052749633789
1303682,0.8890243291854858
1322128,0.7884174108505249
1322436,0.12340114265680313
1322489,0.17798251807689666
1304448,0.9436238527297973
1504527,0.4311427652835846
1492948,0.2419238805770874
1042376,0.9441687107086182
1304337,0.9457568049430847
1509491,0.9649012207984924
1488383,0.15701116919517516
1487060,0.8830118298530578
1485793,0.3290124207735062
1745379,0.8350992321968078
1319363,0.7819415211677552
1509379,0.9356766462326049
1039391,0.9518517851829529
1482727,0.06456542015075684
1318998,0.1252959653735161
1042537,0.032791721448302266
1482637,0.6883589863777161
1486416,0.08300218358635902
1487016,0.0521365724503994
1316780,0.27957703471183776
1988412,0.9844680666923523
1745257,0.7040320992469787
1745087,0.16072138845920564
1860076,0.5705724716186523
1480286,0.44127386808395386
1480134,0.7675569295883179
1857898,0.1131854847073555
1750864,0.5872115552425384
1306395,0.6071765303611756
1985557,0.35020512342453003
1511787,0.5962724685668945
1324705,0.22761808931827546
1751855,0.4257954180240631
1494069,0.23874498903751373
1325046,0.33730141520500184
1477311,0.10855884552001953
1786639,0.5493892312049866
1296479,0.7081734299659729
1503536,0.1741378903388977
1857514,0.7808278799057007
1909167,0.7273300886154175
1307778,0.20158329606056213
1043883,0.5135035157203675
1326212,0.5319330573081971
1041331,0.96112220287323
1909834,0.5103543937206269
1301769,0.2842514753341675
1510433,0.3987901329994202
1749507,0.577737033367157
1305128,0.895428478717804
1864900,0.3054169327020645
1910335,0.042421447858214376
1510436,0.6900381088256836
1511724,0.15743258446455002
1479512,0.5314502120018005
1858407,0.4493814706802368
1478864,0.9106501460075378
1914730,0.07339848354458808
1322754,0.8341002225875854
1478111,0.05950342938303947
1315138,0.9521244049072266
1324263,0.1590467631816864
1033115,0.3941421151161194
1118735,0.25284948348999026
1473008,0.6072600483894348
1430290,0.8891692280769348
1429977,0.6389364242553711
1429412,0.2800698220729828
1380739,0.7723679304122925
1428839,0.5141262710094452
1381317,0.9809582471847534
1427239,0.8763198018074035
1383001,0.3838634967803955
1779090,0.15533890426158906
1383781,0.23208711743354798
1424172,0.6373968005180359
1768675,0.20978453010320663
1013244,0.8250658273696899
1881970,0.6840022921562194
1423531,0.9141494274139405
1892468,0.09728591740131379
1882779,0.5511375665664673
1423054,0.04076976589858532
1422751,0.28757425844669343
1386621,0.4849974989891052
1421645,0.8239478588104248
1421134,0.08225693106651306
1999088,0.4297861039638519
1768997,0.9146591305732727
1011064,0.9756327509880066
1387085,0.915868616104126
1768959,0.6408707618713378
1430686,0.6517330765724182
1879820,0.23822962939739228
1767501,0.918782114982605
1436431,0.6643658757209778
1436178,0.9251970291137696
1997379,0.06354852989315987
1372439,0.27038428485393523
1372767,0.2444610744714737
1765959,0.5402976989746093
1017155,0.9398927450180053
1435501,0.9691344141960144
1016853,0.1825603127479553
1373602,0.8345868945121765
1894339,0.8227531671524048
1373885,0.7608919262886047
1434725,0.590316653251648
1374719,0.31356889605522154
1016825,0.6565617918968201
1376510,0.1258980453014374
1878952,0.06858401373028755
1377563,0.12850688099861146
1015886,0.6946946859359742
1766685,0.5246534466743469
1432486,0.21942824125289917
1378313,0.7471426486968994
1779768,0.2964928478002548
1378510,0.9424927353858947
1379264,0.7590407848358154
1431158,0.8276230692863464
1379523,0.9424738407135009
1387235,0.4432332515716553
1010802,0.2208842933177948
1778785,0.9358421921730041
1419092,0.295312711596489
1410896,0.6958497881889343
1775305,0.2818647474050522
1884373,0.35505043268203734
1398221,0.825030791759491
1398258,0.7674858450889588
1409923,0.9187682271003723
1409339,0.05505082979798317
1408967,0.9539435744285584
1002283,0.529021292924881
1776591,0.8604042172431946
1001963,0.7648531317710876
1884729,0.7867924928665161
1778520,0.43474373817443845
1399515,0.44521628618240355
1776757,0.6567625761032104
1407623,0.7132467746734619
1399809,0.17978459000587463
1407366,0.49350224137306214
1399976,0.06205743327736855
1404432,0.7733054757118225
1402589,0.0948827937245369
1402881,0.600083202123642
1404198,0.5854281783103943
1403569,0.8678963661193848
1885283,0.058581840991973874
1403121,0.8414902687072754
1778167,0.3108494758605957
1411784,0.6504809379577636
1763563,0.09001594334840775
1397496,0.7284652352333069
1774669,0.08924878165125846
1891136,0.704800283908844
1387254,0.8803941130638122
1883443,0.9670812726020813
1771176,0.257662495970726
1417835,0.8281555533409118
1389515,0.589193594455719
1008181,0.5930419325828552
1778690,0.0712306909263134
1417074,0.7733693838119506
1007141,0.7437755942344666
1778545,0.9292770266532898
1883770,0.4989087641239166
1390724,0.26946170926094054
1391138,0.022790551371872424
1416199,0.9472472429275512
1772801,0.9108351826667785
1415900,0.8939220786094666
1394356,0.6872198820114136
1773296,0.026146908476948737
1006451,0.6397959232330322
1415734,0.13305242508649825
1889095,0.13675467073917388
1004720,0.680103874206543
1884135,0.19528430700302124
1414555,0.5143802642822266
1004479,0.9784172177314758
1413000,0.763477373123169
1411968,0.5774801075458527
1894442,0.9582557320594788
1877623,0.3060962915420532
1370473,0.04025444313883782
1026034,0.48130189776420595
1460009,0.11091118603944779
1344481,0.7117264151573182
1459574,0.5408500611782074
1344893,0.4219857037067413
1345405,0.005692106764763593
1459101,0.3749696373939514
1025827,0.8922075390815735
1870063,0.019010691344738005
1757861,0.18300146162509917
1458397,0.44257363080978396
1457145,0.6766987204551697
1025792,0.5761140823364258
1456962,0.8408754587173461
1348060,0.6905913472175598
1456357,0.9014247536659241
1757884,0.14862732142210006
1758402,0.8210023045539856
1870598,0.7879089713096619
1024391,0.9370110511779786
1900347,0.19250313937664032
1454050,0.22917442619800568
1351140,0.6685261011123658
1758926,0.02135205939412117
1453708,0.9246541738510132
1351488,0.6816604018211365
1024100,0.6568804860115052
1869069,0.28278968632221224
1351580,0.34990153908729554
1757127,0.6508414387702942
1342501,0.49199732542037966
1333370,0.49875594973564147
1472772,0.44859849810600283
1333877,0.7132200598716736
1755171,0.8480737090110779
1906343,0.23590885251760482
1030369,0.8798968434333801
1334436,0.15779283940792083
1906131,0.07728352472186088
1755455,0.7329945206642151
1755560,0.2731931388378143
1990392,0.3094958603382111
1470565,0.3175599485635757
1338124,0.9005318284034729
1338798,0.03174032047390938
1030200,0.7678809404373169
1469320,0.074857696890831
1339564,0.018975019827485083
1029067,0.24960040748119355
1468936,0.663081967830658
1341525,0.062491749227046964
1468899,0.11774112731218338
1902475,0.5044481754302979
1786059,0.5095155537128448
1756471,0.8854345798492431
1756526,0.3992239713668823
1466831,0.49206151366233825
1028481,0.08949320092797279
1460917,0.20605343580245972
1473495,0.6740187644958496
1870658,0.4490180373191833
1450400,0.3098986744880676
1761488,0.8200159072875977
1761818,0.6802009224891663
1019103,0.7577692031860351
1364339,0.9497825622558593
1896662,0.2717317044734955
1442010,0.9791031837463379
1365300,0.35375241935253143
1762190,0.6323575735092163
1366724,0.8314642310142517
1782550,0.7181962728500366
1441626,0.3971420705318451
1441581,0.041006192192435266
1895371,0.03814298249781132
1875038,0.851871931552887
1367395,0.2930086016654968
1875090,0.3051365911960602
1997137,0.9182123899459839
1018440,0.20069656372070313
1439835,0.7037009954452514
1369625,0.6432713806629181
1439662,0.5078143298625946
1370340,0.9020059943199158
1439514,0.31732880771160127
1763093,0.21745722889900207
1439379,0.5632191181182862
1763518,0.7142676949501038
1017592,0.826414942741394
1897362,0.038015134260058404
1451269,0.21288780272006988
1442429,0.029354242607951164
1019818,0.08028400540351868
1023756,0.5910280823707581
1352772,0.8935935854911804
1449452,0.9609960317611694
1871074,0.5967818379402161
1759123,0.9214189052581787
1783743,0.7618906617164611
1023228,0.9104878067970276
1355035,0.9333116054534912
1899670,0.9191858887672424
1355103,0.44199869632720945
1357072,0.7712730884552002
1759486,0.16486523151397706
1357565,0.8011210203170777
1760713,0.47048417329788206
1357698,0.945943558216095
1783034,0.3916766345500946
1898355,0.8169890284538269
1358757,0.9172525644302368
1782911,0.5293316900730133
1021193,0.672550618648529
1358952,0.017033750377595424
1444744,0.22883149087429047
1444731,0.6404851198196411
1359703,0.8054246664047241
1443893,0.19703264236450196
1359870,0.9396401643753052
1761431,0.36217405200004577
1443542,0.7591140627861023
1448626,0.6450888872146606
1543143,0.4073826313018799
1044815,0.5605148792266845
1633491,0.5957578659057617
1822872,0.8824079275131226
1174224,0.09591271579265595
1631673,0.5208713948726654
1822940,0.9163069486618042
1094755,0.08454164937138557
1176606,0.9174326062202454
1706054,0.8974869251251221
1178536,0.24241859018802642
1094079,0.533534049987793
1179001,0.4116910457611084
1707077,0.6293394088745117
1952595,0.7905158042907715
1627135,0.8587986826896667
1976404,0.6632098913192749
1804288,0.5758418262004852
1093239,0.35716084837913514
1092119,0.4116399884223938
1823993,0.9663967728614807
1626425,0.17179273068904877
1180821,0.1953110635280609
1976648,0.6575392246246338
1090994,0.23346503376960753
1824526,0.07866142541170121
1952053,0.5799052715301514
1182149,0.17759042382240295
1182207,0.41358284950256347
1824566,0.5632575511932373
1709101,0.6296661138534546
1633672,0.6494902849197388
1172063,0.47207074165344237
1634116,0.8769605398178101
1705709,0.32119869291782377
1702712,0.9591512799263
1957742,0.07664125189185142
1974195,0.8940233588218689
1645240,0.7425438523292541
1098991,0.813052487373352
1165803,0.7099865555763245
1702771,0.7982106447219849
1165912,0.89143807888031
1820814,0.9496332883834839
1644810,0.7499142050743103
1644115,0.9031505107879638
1957061,0.8720303535461426
1974921,0.9497660398483276
1703411,0.724015724658966
1088045,0.8992319941520691
1703705,0.7751197934150695
1956858,0.4115867853164673
1168625,0.2238110601902008
1169042,0.2776344507932663
1097507,0.5400421023368835
1956596,0.8678911805152894
1169752,0.9911311864852905
1821863,0.025074001215398312
1170276,0.46603346467018125
1637236,0.32716587483882903
1822708,0.43227618336677553
1170384,0.898038363456726
1170637,0.11575232744216919
1171178,0.9348398089408875
1635975,0.9285316348075867
1643100,0.615282928943634
1623821,0.943153715133667
1622492,0.9283756971359253
1184393,0.38095009326934814
1192388,0.4564725339412689
1712431,0.3385712027549744
1608740,0.18763790726661683
1829379,0.5470123529434204
1977147,0.40191856026649475
1803270,0.9186628222465515
1193739,0.01293227355927229
1712441,0.915341031551361
1712908,0.8668199062347413
1083609,0.7222277879714966
1948624,0.2590182900428772
1830709,0.8385814785957336
1198209,0.6803974270820617
1604518,0.8070682406425476
1609952,0.7525922536849976
1199332,0.7446738719940186
1604074,0.05655962154269219
1200696,0.13149808943271638
1714463,0.8456863045692444
1831184,0.6517368435859681
1200865,0.6966436028480529
1714863,0.8456844449043274
1714987,0.8735611915588379
1802482,0.19224880635738373
1601946,0.7416553854942322
1948191,0.8098280668258667
1202299,0.24764303267002105
1831904,0.025197378545999526
1601388,0.00574622480198741
1977862,0.9462531208992004
1803141,0.596554410457611
1805728,0.4177318274974823
1610463,0.1828678160905838
1083734,0.7700234651565552
1824669,0.630764102935791
1951418,0.11395897567272187
1622481,0.6877570390701294
1085609,0.4528304100036621
1621580,0.12988534569740295
1621068,0.7278751492500305
1620606,0.6246328115463257
1185012,0.9439990878105163
1711623,0.967534065246582
1620250,0.8579641222953797
1950729,0.3007353365421295
1185483,0.26416527330875395
1976891,0.8457345724105835
1825112,0.9191662192344665
1949081,0.3888451516628265
1186055,0.899539852142334
1084874,0.9372937083244324
1187001,0.6248905062675476
1187426,0.7231842398643493
1711766,0.18227995932102203
1084662,0.7164938807487488
1825736,0.15767101049423218
1188135,0.7939711093902588
1613163,0.6325411558151245
1712042,0.30247452259063723
1190111,0.4936773836612701
1803499,0.7990770459175109
1084137,0.17399500608444213
1190605,0.8257118225097656
1191174,0.6956494331359864
1616162,0.24556966125965118
1082144,0.36106387376785276
1647361,0.06574609577655792
1163946,0.08793829530477523
1130035,0.40297369956970214
1964349,0.6574081540107727
1693296,0.05934313610196114
1116029,0.9564624428749084
1132297,0.6908995866775512
1807579,0.27825514078140257
1812077,0.5539051055908203
1672898,0.3702015668153763
1133573,0.9858345508575439
1133829,0.3483380079269409
1694017,0.7739733815193176
1672810,0.3557219564914703
1672153,0.7507672667503357
1134391,0.29418774247169494
1134814,0.5331283390522004
1671267,0.8418892621994019
1670479,0.09589777141809464
1138874,0.9419248342514038
1140621,0.8372787356376648
1669859,0.5860954403877259
1696526,0.468730092048645
1114904,0.5158265173435211
1140645,0.9678907871246338
1669163,0.07442138642072678
1697185,0.14985121935606002
1140717,0.44993319511413576
1113139,0.13056959360837936
1112990,0.15353725850582123
1668497,0.14023383259773253
1809585,0.6427261590957641
1128284,0.6001210570335388
1677256,0.2795698821544647
1677974,0.46228492856025694
1967634,0.35071746706962587
1118525,0.24201812744140624
1686620,0.1626461237668991
1120093,0.935183048248291
1808149,0.3850103974342346
1120600,0.3024766892194748
1688435,0.9225926160812378
1120784,0.5310086250305176
1967588,0.828508174419403
1808663,0.642570149898529
1121455,0.9572497606277466
1684522,0.6730635404586792
1117731,0.9153312683105469
1683989,0.7081862092018127
1141941,0.7647636294364929
1683876,0.24196983277797698
1808914,0.4824227333068848
1123403,0.9627876996994018
1966257,0.4595156669616699
1682511,0.8293140411376954
1965990,0.06037277728319168
1126012,0.812198007106781
1691776,0.9410996794700622
1126402,0.07788517475128173
1680314,0.15757030844688416
1127117,0.770030677318573
1967992,0.8096533298492432
1678523,0.27351382076740266
1127437,0.889078152179718
1691980,0.774101996421814
1117660,0.22103849351406096
1664774,0.060656070709228516
1962597,0.7394665598869323
1663878,0.423599636554718
1657109,0.8965346455574036
1817436,0.9735795855522156
1104678,0.9457546830177307
1156460,0.9375788688659668
1656723,0.22059762477874756
1701168,0.27542108595371245
1655501,0.8769941329956055
1817501,0.9284395217895508
1959241,0.7348426699638366
1655121,0.938998532295227
1103763,0.6229454815387726
1157755,0.10017662346363068
1654746,0.6671071290969849
1653516,0.7665709972381591
1817168,0.04990633279085159
1817775,0.9670240044593811
1102959,0.8490948796272277
1958862,0.4323051035404205
1651628,0.8899403095245362
1650912,0.7303452849388122
1650596,0.7017820835113525
1702129,0.7506040692329407
1100724,0.12743598967790604
1160788,0.020485672913491727
1649672,0.900626289844513
1161132,0.926723301410675
1649605,0.29407977163791654
1100416,0.5446748077869416
1648998,0.34986618161201477
1163550,0.15846588611602783
1973177,0.08255080133676529
1702556,0.10182414054870606
1152989,0.8025163292884827
1106360,0.5103938043117523
1663631,0.8254594802856445
1697965,0.9140208840370179
1142910,0.5217819452285767
1144370,0.8205790519714355
1146071,0.5970828175544739
1814688,0.0458790086209774
1111026,0.6706465482711792
1962135,0.9066937208175659
1109825,0.8316078066825867
1146323,0.8675101161003113
1961911,0.8536833047866821
1663097,0.9264756083488465
1146962,0.572583943605423
1698351,0.08788499683141708
1806732,0.7044700145721435
1148410,0.03811018206179142
1149347,0.06361527144908904
1814851,0.07820253670215607
1662903,0.17949902415275573
1150463,0.5720393836498261
1150536,0.9055352807044983
1971303,0.09588691592216492
1658815,0.10365540534257889
1151969,0.7536357879638672
1152261,0.04078662171959877
1107543,0.09463574141263961
1658302,0.13708085864782332
1152798,0.5470302641391754
1699146,0.7358370423316956
1658031,0.2758904993534088
1663036,0.8946400880813599
1600928,0.30510676801204684
1600630,0.8425859689712525
1715383,0.9324467062950135
1261569,0.6613365888595581
1849264,0.09624416083097458
1261706,0.9023167014122009
1548292,0.6663344621658325
1548229,0.955683970451355
1547170,0.9260994672775269
1547135,0.4402576446533203
1055658,0.574030601978302
1734820,0.35786285400390627
1261737,0.06988745182752609
1545940,0.4942782700061798
1794923,0.4325252532958984
1735074,0.7868568897247314
1268420,0.6812345027923584
1055294,0.23148507475852967
1544562,0.9044759750366211
1982587,0.5002837002277374
1269149,0.9398386001586914
1850177,0.3108521968126297
1735203,0.4583517491817474
1269663,0.41123504638671876
1540730,0.8104697823524475
1269930,0.3209537386894226
1055054,0.9611995577812195
1270233,0.02695690132677555
1736116,0.8973299145698548
1794581,0.45805352330207827
1540080,0.819152569770813
1733398,0.49140154123306273
1549854,0.8323107242584229
1260685,0.6433875560760498
1931889,0.7686275362968444
1846251,0.08286295160651207
1559858,0.32757155895233153
1559660,0.2721602976322174
1557760,0.02834608927369118
1059984,0.1228005662560463
1557260,0.16246279329061508
1730930,0.49465601444244384
1934995,0.8862040281295777
1247121,0.8126147389411926
1247199,0.04679511189460754
1847931,0.6240476846694947
1934241,0.36543031334877013
1980561,0.3328163981437683
1556178,0.3955696165561676
1050956,0.14541083425283433
1251491,0.3225490629673004
1933905,0.09587938338518143
1059273,0.8908090353012085
1251990,0.32232705950737
1554433,0.9448718309402466
1254827,0.5910474359989166
1552211,0.9499830842018128
1733309,0.43333125710487364
1980718,0.03584271036088467
1256803,0.250396141409874
1257552,0.5420589029788971
1794989,0.9686085700988769
1056967,0.1723725527524948
1551265,0.8671964883804322
1550866,0.17975794076919555
1554902,0.7397289156913758
1271876,0.7913567185401916
1537354,0.039981435611844064
1536722,0.500964081287384
1047508,0.7558329939842224
1284616,0.3203718364238739
1525134,0.9511279344558716
1284680,0.7712508559226989
1284985,0.4406353712081909
1923256,0.7518441677093506
1046728,0.052629050239920615
1285912,0.6150067567825317
1741298,0.030521956086158753
1984409,0.6343670010566711
1523696,0.683685839176178
1741324,0.7021945595741272
1523196,0.4676131188869476
1287354,0.9226094365119935
1281139,0.09416561424732209
1287576,0.41960901618003843
1046525,0.5231824576854706
1289991,0.5186994731426239
1520050,0.5883225440979004
1922311,0.3020175337791443
1519811,0.03931995667517185
1290916,0.9832222104072571
1855529,0.13563617318868637
1519562,0.815043568611145
1518408,0.5819718539714813
1921967,0.026420827582478525
1292878,0.335849803686142
1517601,0.9438863039016724
1743782,0.7596547245979309
1743929,0.9260577917098999
1521146,0.08347121328115463
1244410,0.3881029009819031
1525533,0.1742227002978325
1279950,0.8868674516677857
1927343,0.3556232750415802
1273822,0.3498996734619141
1534009,0.03584365285933018
1049500,0.9708546876907349
1737157,0.9052148818969726
1737280,0.6316160917282104
1983406,0.7290360331535339
1274556,0.9257001876831055
1851870,0.4345722496509552
1738583,0.972475779056549
1049296,0.13069927394390107
1275307,0.6872606992721557
1793603,0.4859510540962219
1531654,0.09123086780309678
1923309,0.5299407064914703
1924026,0.2958424210548401
1049086,0.17771063148975372
1275779,0.783327293395996
1276040,0.8782125353813172
1277199,0.5074315249919892
1853926,0.721650493144989
1528685,0.5526031672954559
1048109,0.9258957386016846
1854330,0.6284232139587402
1528487,0.39908976554870607
1793120,0.21885612607002258
1527745,0.6228465795516968
1279782,0.8130442380905152
1525748,0.5129425942897796
1740364,0.29662275314331055
1851898,0.1151172935962677
1293373,0.2165059342980385
1560060,0.9276557207107544
1560109,0.14973675906658174
1213654,0.07608710676431656
1944011,0.051553938537836075
1589932,0.34795626997947693
1588703,0.2502195417881012
1587075,0.66432683467865
1075085,0.6876109719276429
1943689,0.5859354615211487
1586455,0.13488045930862427
1943519,0.8907443642616272
1585384,0.6821882486343384
1720244,0.9292939186096192
1219041,0.9624102473258972
1721835,0.049629371613264084
1721865,0.6778676867485046
1219533,0.5355958223342896
1584468,0.875890851020813
1584421,0.5908522367477417
1722910,0.7703129172325134
1837186,0.7174235939979553
1220589,0.7549984335899353
1582352,0.20138678848743438
1582187,0.05833290442824364
1979129,0.5960630536079407
1581865,0.8126790165901184
1722941,0.5634501039981842
1220683,0.10841545164585113
1579654,0.8539924025535583
1073695,0.04942669570446014
1075905,0.8618452548980713
1213294,0.05367317274212837
1213061,0.666220235824585
1834829,0.06006321385502815
1081199,0.11339473873376846
1203816,0.616713535785675
1599556,0.1166356310248375
1598539,0.32257073521614077
1947612,0.40462095141410825
1715596,0.07395824119448662
1207182,0.3849940955638885
1595943,0.8689978241920471
1978298,0.7926120400428772
1595922,0.9344913721084595
1207288,0.8796124458312988
1832978,0.8491888642311096
1207563,0.5120327055454255
1594912,0.3603679478168488
1220692,0.22082068026065826
1978529,0.10764138400554657
1209140,0.03602276183664799
1594181,0.34681017100811007
1593838,0.21012312471866607
1077366,0.23890181183815
1211030,0.988164734840393
1718461,0.7496055722236633
1211486,0.23901880979537965
1944963,0.09920981228351593
1833888,0.050546107441186906
1593069,0.3372665911912918
1592332,0.09901594519615173
1076993,0.5572860777378082
1718545,0.19926645755767822
1834487,0.6615628719329834
1078607,0.462300568819046
1061576,0.5769120752811432
1838419,0.6328065872192383
1579317,0.03561830185353756
1232486,0.39277257323265075
1937555,0.940772557258606
1979726,0.6559503674507141
1724758,0.8245558500289917
1568073,0.21194770336151122
1725463,0.6665064811706543
1798347,0.0969189926981926
1232692,0.33356093764305117
1064274,0.9154551506042481
1842522,0.5134246349334717
1937373,0.9028457999229431
1234361,0.7492369532585144
1566831,0.13761584758758544
1063536,0.8765817284584045
1724639,0.1280917689204216
1236327,0.07073293924331665
1564615,0.5297496080398559
1237512,0.9278555631637573
1844436,0.050296622514724734
1728052,0.8341820120811463
1936735,0.4380239725112915
1562377,0.8263532996177674
1562246,0.6134089708328248
1240846,0.023765845596790312
1729808,0.8247259020805359
1062624,0.044051484763622285
1561613,0.1909890204668045
1729994,0.9556950569152832
1561006,0.8279488444328308
1936199,0.7254966378211976
1237037,0.8273669481277466
1571261,0.8917830586433411
1230737,0.4839634597301483
1840707,0.6368340373039245
1221913,0.7147975444793702
1941115,0.15740146338939667
1222603,0.9100471496582031
1838834,0.32501890063285827
1222851,0.8530486941337585
1577854,0.0384290337562561
1223023,0.9278997778892517
1577842,0.13457385152578355
1223442,0.10806366950273513
1723168,0.7365868210792541
1577774,0.92115238904953
1939624,0.9855499505996704
1067822,0.05355803817510605
1223729,0.23163383901119233
1221262,0.16660620272159576
1576041,0.8402257084846496
1575430,0.9043309330940247
1064406,0.982892906665802
1723990,0.31156483888626096
1937889,0.7235999226570129
1571302,0.9385004878044129
1224182,0.05961245447397232
1573116,0.5110337316989899
1938392,0.07348776906728745
1573280,0.37310057282447817
1225467,0.8003127574920654
1938440,0.8586279511451721
1723368,0.19103469848632812
1066956,0.34057951271533965
1723592,0.2559026211500168
1887018,0.5412974774837493
1835314,0.1609082490205765
1270265,0.24360889494419097
